{
  "yearDepreciation": {
    "A": [
      1,
      1,
      0.9875,
      0.975,
      0.9624999999999999,
      0.95,
      0.95,
      0.9375,
      0.925,
      0.9125000000000001,
      0.9,
      0.9,
      0.89,
      0.88,
      0.87,
      0.86,
      0.86,
      0.85,
      0.84,
      0.83,
      0.82,
      0.82,
      0.8,
      0.78,
      0.76,
      0.74,
      0.74,
      0.72,
      0.7,
      0.6799999999999999,
      0.66,
      0.66,
      0.645,
      0.6300000000000001,
      0.6150000000000001,
      0.6000000000000001,
      0.6000000000000001,
      0.5850000000000001,
      0.5700000000000001,
      0.555,
      0.54,
      0.54,
      0.5275000000000001,
      0.515,
      0.5025,
      0.49,
      0.49,
      0.4775,
      0.46499999999999997,
      0.4525,
      0.44,
      0.44,
      0.4325,
      0.42500000000000004,
      0.41750000000000004,
      0.41000000000000003,
      0.41000000000000003,
      0.4025,
      0.395,
      0.3875,
      0.38,
      0.38,
      0.37,
      0.36,
      0.35,
      0.33999999999999997,
      0.33999999999999997,
      0.32999999999999996,
      0.31999999999999995,
      0.30999999999999994,
      0.3
    ],
    "B": [
      1,
      1,
      0.99,
      0.98,
      0.97,
      0.96,
      0.96,
      0.95,
      0.94,
      0.9299999999999999,
      0.92,
      0.92,
      0.89625,
      0.8725,
      0.84875,
      0.825,
      0.825,
      0.80125,
      0.7775,
      0.7537499999999999,
      0.73,
      0.73,
      0.70625,
      0.6825,
      0.65875,
      0.635,
      0.635,
      0.6112500000000001,
      0.5875,
      0.56375,
      0.54,
      0.54,
      0.5225,
      0.505,
      0.48750000000000004,
      0.47000000000000003,
      0.47000000000000003,
      0.4525,
      0.43500000000000005,
      0.41750000000000004,
      0.4,
      0.4,
      0.38625,
      0.3725,
      0.35875,
      0.345,
      0.345,
      0.33125,
      0.3175,
      0.30374999999999996,
      0.29,
      0.29,
      0.28,
      0.27,
      0.26,
      0.25,
      0.25,
      0.24,
      0.22999999999999998,
      0.21999999999999997,
      0.21,
      0.21,
      0.20375,
      0.1975,
      0.19125,
      0.185,
      0.185,
      0.17875,
      0.1725,
      0.16625,
      0.16
    ],
    "C": [
      1,
      1,
      0.9875,
      0.975,
      0.9624999999999999,
      0.95,
      0.95,
      0.9375,
      0.925,
      0.9125000000000001,
      0.9,
      0.9,
      0.8700000000000001,
      0.8400000000000001,
      0.81,
      0.78,
      0.78,
      0.75,
      0.72,
      0.69,
      0.66,
      0.66,
      0.6325000000000001,
      0.605,
      0.5775,
      0.55,
      0.55,
      0.5225,
      0.495,
      0.4675,
      0.44,
      0.44,
      0.42125,
      0.40249999999999997,
      0.38375,
      0.365,
      0.365,
      0.34625,
      0.3275,
      0.30874999999999997,
      0.29,
      0.29,
      0.27749999999999997,
      0.265,
      0.2525,
      0.24,
      0.24,
      0.22749999999999998,
      0.215,
      0.2025,
      0.19,
      0.19,
      0.1825,
      0.175,
      0.16749999999999998,
      0.16,
      0.16,
      0.15250000000000002,
      0.14500000000000002,
      0.1375,
      0.13,
      0.13,
      0.12375,
      0.11750000000000001,
      0.11125000000000002,
      0.10500000000000001,
      0.10500000000000001,
      0.09875,
      0.0925,
      0.08625,
      0.08
    ],
    "D": [
      1,
      1,
      0.96875,
      0.9375,
      0.90625,
      0.875,
      0.875,
      0.84375,
      0.8125,
      0.78125,
      0.75,
      0.75,
      0.73125,
      0.7125,
      0.6937500000000001,
      0.675,
      0.675,
      0.65625,
      0.6375,
      0.6187499999999999,
      0.6,
      0.6,
      0.57125,
      0.5425,
      0.5137499999999999,
      0.485,
      0.485,
      0.45625,
      0.4275,
      0.39875,
      0.37,
      0.37,
      0.35125,
      0.3325,
      0.31375,
      0.295,
      0.295,
      0.27625,
      0.2575,
      0.23875000000000002,
      0.22,
      0.22,
      0.20875,
      0.1975,
      0.18625,
      0.175,
      0.175,
      0.16375,
      0.1525,
      0.14125,
      0.13,
      0.13,
      0.1225,
      0.115,
      0.10750000000000001,
      0.1,
      0.1,
      0.0925,
      0.085,
      0.07750000000000001,
      0.07,
      0.07,
      0.06625,
      0.0625,
      0.058750000000000004,
      0.05500000000000001,
      0.05500000000000001,
      0.051250000000000004,
      0.0475,
      0.04375,
      0.04
    ],
    "E": [
      1,
      1,
      0.9625,
      0.925,
      0.8875,
      0.85,
      0.85,
      0.8125,
      0.7749999999999999,
      0.7374999999999999,
      0.7,
      0.7,
      0.6799999999999999,
      0.6599999999999999,
      0.6399999999999999,
      0.62,
      0.62,
      0.6000000000000001,
      0.5800000000000001,
      0.56,
      0.54,
      0.54,
      0.50875,
      0.47750000000000004,
      0.44625000000000004,
      0.41500000000000004,
      0.41500000000000004,
      0.38375000000000004,
      0.35250000000000004,
      0.32125000000000004,
      0.29,
      0.29,
      0.27249999999999996,
      0.255,
      0.2375,
      0.21999999999999997,
      0.21999999999999997,
      0.20249999999999999,
      0.185,
      0.16749999999999998,
      0.15,
      0.15,
      0.14125,
      0.1325,
      0.12375,
      0.11499999999999999,
      0.11499999999999999,
      0.10625,
      0.0975,
      0.08875,
      0.08,
      0.08,
      0.07500000000000001,
      0.07,
      0.065,
      0.06,
      0.06,
      0.055,
      0.05,
      0.045,
      0.04,
      0.04,
      0.03875000000000001,
      0.037500000000000006,
      0.036250000000000004,
      0.035,
      0.035,
      0.03375,
      0.0325,
      0.03125,
      0.03
    ],
    "F": [
      1,
      1,
      0.9625,
      0.925,
      0.8875,
      0.85,
      0.85,
      0.8125,
      0.7749999999999999,
      0.7374999999999999,
      0.7,
      0.7,
      0.6749999999999999,
      0.6499999999999999,
      0.625,
      0.6,
      0.6,
      0.575,
      0.55,
      0.525,
      0.5,
      0.5,
      0.46875,
      0.4375,
      0.40625,
      0.375,
      0.375,
      0.34375,
      0.3125,
      0.28125,
      0.25,
      0.25,
      0.24375,
      0.2375,
      0.23125,
      0.225,
      0.225,
      0.21875,
      0.21250000000000002,
      0.20625000000000002,
      0.2,
      0.2,
      0.19,
      0.18,
      0.16999999999999998,
      0.16,
      0.16,
      0.15000000000000002,
      0.14,
      0.13,
      0.12,
      0.12,
      0.11,
      0.1,
      0.09,
      0.08,
      0.08,
      0.07,
      0.06,
      0.05,
      0.04,
      0.04,
      0.03875000000000001,
      0.037500000000000006,
      0.036250000000000004,
      0.035,
      0.035,
      0.03375,
      0.0325,
      0.03125,
      0.03
    ],
    "G": [
      1,
      1,
      0.9875,
      0.975,
      0.9624999999999999,
      0.95,
      0.95,
      0.9375,
      0.925,
      0.9125000000000001,
      0.9,
      0.9,
      0.8700000000000001,
      0.8400000000000001,
      0.81,
      0.78,
      0.78,
      0.75,
      0.72,
      0.69,
      0.66,
      0.66,
      0.6325000000000001,
      0.605,
      0.5775,
      0.55,
      0.55,
      0.5225,
      0.495,
      0.4675,
      0.44,
      0.44,
      0.42125,
      0.40249999999999997,
      0.38375,
      0.365,
      0.365,
      0.34625,
      0.3275,
      0.30874999999999997,
      0.29,
      0.29,
      0.27749999999999997,
      0.265,
      0.2525,
      0.24,
      0.24,
      0.22749999999999998,
      0.215,
      0.2025,
      0.19,
      0.19,
      0.17125,
      0.1525,
      0.13375,
      0.115,
      0.115,
      0.09625,
      0.0775,
      0.05875,
      0.04,
      0.04,
      0.03875000000000001,
      0.037500000000000006,
      0.036250000000000004,
      0.035,
      0.035,
      0.03375,
      0.0325,
      0.03125,
      0.03
    ],